prototype_file,wordpress_url,in_proof_slice
01-homepage-v1-with-calendar.html,/01-homepage-v1-with-calendar/,
02-event-registration.html,/events/register/,
02-events-calendar.html,/events/,yes
02-interior-about.html,/about/,yes
02-interior-alumni-education.html,/learn/alumni-education/,yes
02-interior-alumni-travel.html,/learn/travel/,
02-interior-association-of-alumnae-board.html,/communities/association-of-alumnae/leadership/,
02-interior-association-of-alumnae.html,/communities/association-of-alumnae/,
02-interior-awards.html,/about/awards/,
02-interior-career.html,/learn/career/,
02-interior-get-involved.html,/get-involved/,
02-interior-homecoming.html,/events/homecoming/,yes
02-travel-tour-detail.html,/learn/travel/tours/sample-tour/,
02-travel-tours-listing.html,/learn/travel/tours/,
03-landing-communities.html,/communities/,yes
03-landing-learn-network.html,/learn/,yes
05-404.html,/404/,
05-contact.html,/about/contact/,yes
05-search.html,/?s=,
about-alumni-leadership.html,/about/leadership/,
about-benefits.html,/about/benefits/,
about-faqs.html,/about/faqs/,
about-governance.html,/about/governance/,
about-quaker-gmail-privacy-policy.html,/about/quaker-gmail/privacy-policy/,
about-quaker-gmail.html,/about/quaker-gmail/,
about-resources.html,/about/resources/,
communities-class-leadership.html,/communities/classes/leadership/,
communities-graduate-school-alumni.html,/communities/graduate-school-alumni/,
communities-penn-first-plus.html,/communities/penn-first-plus/,
communities-penn-spectrum.html,/communities/penn-spectrum/,
communities-penn-traditions.html,/communities/penn-traditions/,
communities-shared-interest-groups.html,/communities/shared-interest-groups/,
communities-trustees-council-of-penn-women.html,/communities/trustees-council-of-penn-women/,
communities-young-alumni.html,/communities/young-alumni/,
component-gallery.html,/component-gallery/,
design-system.html,/design-system/,
directory-classes.html,/communities/classes/,
directory-clubs.html,/communities/regional-clubs/,yes
events-alumni-weekend-accommodations.html,/events/alumni-weekend/accommodations/,
events-alumni-weekend-schedule.html,/events/alumni-weekend/schedule/,
events-alumni-weekend.html,/events/alumni-weekend/,yes
events-award-of-merit.html,/events/homecoming/award-of-merit/,
events-evening-with-penn.html,/events/evening-with-penn/,
events-homecoming-schedule.html,/events/homecoming/schedule/,
events-inspiring-impact.html,/events/inspiring-impact/,
index.html,/,yes
involve-communities-groups.html,/get-involved/communities-groups/,
learn-ambassador-program.html,/learn/ambassador-program/,
learn-career-archives.html,/learn/career/archives/,
learn-travel-faqs.html,/learn/travel/faqs/,
learn-travel-sustainability.html,/learn/travel/sustainability/,
reunion-10th.html,/events/alumni-weekend/10th-reunion/,
reunion-15th.html,/events/alumni-weekend/15th-reunion/,
reunion-20th.html,/events/alumni-weekend/20th-reunion/,
reunion-25th.html,/events/alumni-weekend/25th-reunion/,yes
reunion-30th.html,/events/alumni-weekend/30th-reunion/,
reunion-35th.html,/events/alumni-weekend/35th-reunion/,
reunion-40th.html,/events/alumni-weekend/40th-reunion/,
reunion-45th.html,/events/alumni-weekend/45th-reunion/,
reunion-50th.html,/events/alumni-weekend/50th-reunion/,
reunion-55th.html,/events/alumni-weekend/55th-reunion/,
reunion-5th.html,/events/alumni-weekend/5th-reunion/,
reunion-60th.html,/events/alumni-weekend/60th-reunion/,
reunion-65th.html,/events/alumni-weekend/65th-reunion/,
reunion-70th-75th.html,/events/alumni-weekend/70th-75th-reunion/,
spectrum-asian-alumni-network.html,/communities/penn-spectrum/asian-alumni-network/,
spectrum-association-of-latino-alumni.html,/communities/penn-spectrum/association-of-latino-alumni/,
spectrum-association-of-native-alumni.html,/communities/penn-spectrum/association-of-native-alumni/,
spectrum-black-alumni-society.html,/communities/penn-spectrum/black-alumni-society/,
spectrum-james-brister-society.html,/communities/penn-spectrum/james-brister-society/,
spectrum-penn-leadershipq.html,/communities/penn-spectrum/penn-leadershipq/,
spectrum-penngala.html,/communities/penn-spectrum/penngala/,
